<?xml version="1.0" encoding="utf-8"?>
<feed xmlns="http://www.w3.org/2005/Atom">

 <title>Amelia Meyer</title>
 <link href="http://localhost:4000/ameliameyer.github.io/atom.xml" rel="self"/>
 <link href="http://localhost:4000/ameliameyer.github.io/"/>
 <updated>2021-05-20T11:41:25-07:00</updated>
 <id>http://localhost:4000</id>
 <author>
   <name>Amelia Meyer</name>
   <email>ameliameyer@ucsb.edu</email>
 </author>

 
 <entry>
   <title>Introducing Lanyon</title>
   <link href="http://localhost:4000/2020/04/03/introducing-lanyon/"/>
   <updated>2020-04-03T00:00:00-07:00</updated>
   <id>http://localhost:4000/ameliameyer.github.io/2020/04/03/introducing-lanyon</id>
   <content type="html">&lt;p&gt;Lanyon is an unassuming &lt;a href=&quot;http://jekyllrb.com&quot;&gt;Jekyll&lt;/a&gt; theme that places content first by tucking away navigation in a hidden drawer. It’s based on &lt;a href=&quot;http://getpoole.com&quot;&gt;Poole&lt;/a&gt;, the Jekyll butler.&lt;/p&gt;

&lt;h3 id=&quot;built-on-poole&quot;&gt;Built on Poole&lt;/h3&gt;

&lt;p&gt;Poole is the Jekyll Butler, serving as an upstanding and effective foundation for Jekyll themes by &lt;a href=&quot;https://twitter.com/mdo&quot;&gt;@mdo&lt;/a&gt;. Poole, and every theme built on it (like Lanyon here) includes the following:&lt;/p&gt;

&lt;ul&gt;
  &lt;li&gt;Complete Jekyll setup included (layouts, config, &lt;a href=&quot;/404&quot;&gt;404&lt;/a&gt;, &lt;a href=&quot;/atom.xml&quot;&gt;RSS feed&lt;/a&gt;, posts, and &lt;a href=&quot;/about&quot;&gt;example page&lt;/a&gt;)&lt;/li&gt;
  &lt;li&gt;Mobile friendly design and development&lt;/li&gt;
  &lt;li&gt;Easily scalable text and component sizing with &lt;code class=&quot;language-plaintext highlighter-rouge&quot;&gt;rem&lt;/code&gt; units in the CSS&lt;/li&gt;
  &lt;li&gt;Support for a wide gamut of HTML elements&lt;/li&gt;
  &lt;li&gt;Related posts (time-based, because Jekyll) below each post&lt;/li&gt;
  &lt;li&gt;Syntax highlighting, courtesy Pygments (the Python-based code snippet highlighter)&lt;/li&gt;
&lt;/ul&gt;

&lt;h3 id=&quot;lanyon-features&quot;&gt;Lanyon features&lt;/h3&gt;

&lt;p&gt;In addition to the features of Poole, Lanyon adds the following:&lt;/p&gt;

&lt;ul&gt;
  &lt;li&gt;Toggleable sliding sidebar (built with only CSS) via &lt;strong&gt;☰&lt;/strong&gt; link in top corner&lt;/li&gt;
  &lt;li&gt;Sidebar includes support for textual modules and a dynamically generated navigation with active link support&lt;/li&gt;
  &lt;li&gt;Two orientations for content and sidebar, default (left sidebar) and &lt;a href=&quot;https://github.com/poole/lanyon#reverse-layout&quot;&gt;reverse&lt;/a&gt; (right sidebar), available via &lt;code class=&quot;language-plaintext highlighter-rouge&quot;&gt;&amp;lt;body&amp;gt;&lt;/code&gt; classes&lt;/li&gt;
  &lt;li&gt;&lt;a href=&quot;https://github.com/poole/lanyon#themes&quot;&gt;Eight optional color schemes&lt;/a&gt;, available via &lt;code class=&quot;language-plaintext highlighter-rouge&quot;&gt;&amp;lt;body&amp;gt;&lt;/code&gt; classes&lt;/li&gt;
&lt;/ul&gt;

&lt;p&gt;&lt;a href=&quot;https://github.com/poole/lanyon#readme&quot;&gt;Head to the readme&lt;/a&gt; to learn more.&lt;/p&gt;

&lt;h3 id=&quot;browser-support&quot;&gt;Browser support&lt;/h3&gt;

&lt;p&gt;Lanyon is by preference a forward-thinking project. In addition to the latest versions of Chrome, Safari (mobile and desktop), and Firefox, it is only compatible with Internet Explorer 9 and above.&lt;/p&gt;

&lt;h3 id=&quot;download&quot;&gt;Download&lt;/h3&gt;

&lt;p&gt;Lanyon is developed on and hosted with GitHub. Head to the &lt;a href=&quot;https://github.com/poole/lanyon&quot;&gt;GitHub repository&lt;/a&gt; for downloads, bug reports, and features requests.&lt;/p&gt;

&lt;p&gt;Thanks!&lt;/p&gt;
</content>
 </entry>
 
 <entry>
   <title>Example content</title>
   <link href="http://localhost:4000/2020/04/02/example-content/"/>
   <updated>2020-04-02T00:00:00-07:00</updated>
   <id>http://localhost:4000/ameliameyer.github.io/2020/04/02/example-content</id>
   <content type="html">&lt;div class=&quot;message&quot;&gt;
  Howdy! This is an example blog post that shows several types of HTML content supported in this theme.
&lt;/div&gt;

&lt;p&gt;Cum sociis natoque penatibus et magnis &lt;a href=&quot;#&quot;&gt;dis parturient montes&lt;/a&gt;, nascetur ridiculus mus. &lt;em&gt;Aenean eu leo quam.&lt;/em&gt; Pellentesque ornare sem lacinia quam venenatis vestibulum. Sed posuere consectetur est at lobortis. Cras mattis consectetur purus sit amet fermentum.&lt;/p&gt;

&lt;blockquote&gt;
  &lt;p&gt;Curabitur blandit tempus porttitor. Nullam quis risus eget urna mollis ornare vel eu leo. Nullam id dolor id nibh ultricies vehicula ut id elit.&lt;/p&gt;
&lt;/blockquote&gt;

&lt;p&gt;Etiam porta &lt;strong&gt;sem malesuada magna&lt;/strong&gt; mollis euismod. Cras mattis consectetur purus sit amet fermentum. Aenean lacinia bibendum nulla sed consectetur.&lt;/p&gt;

&lt;h2 id=&quot;inline-html-elements&quot;&gt;Inline HTML elements&lt;/h2&gt;

&lt;p&gt;HTML defines a long list of available inline tags, a complete list of which can be found on the &lt;a href=&quot;https://developer.mozilla.org/en-US/docs/Web/HTML/Element&quot;&gt;Mozilla Developer Network&lt;/a&gt;.&lt;/p&gt;

&lt;ul&gt;
  &lt;li&gt;&lt;strong&gt;To bold text&lt;/strong&gt;, use &lt;code class=&quot;language-plaintext highlighter-rouge&quot;&gt;&amp;lt;strong&amp;gt;&lt;/code&gt;.&lt;/li&gt;
  &lt;li&gt;&lt;em&gt;To italicize text&lt;/em&gt;, use &lt;code class=&quot;language-plaintext highlighter-rouge&quot;&gt;&amp;lt;em&amp;gt;&lt;/code&gt;.&lt;/li&gt;
  &lt;li&gt;Abbreviations, like &lt;abbr title=&quot;HyperText Markup Langage&quot;&gt;HTML&lt;/abbr&gt; should use &lt;code class=&quot;language-plaintext highlighter-rouge&quot;&gt;&amp;lt;abbr&amp;gt;&lt;/code&gt;, with an optional &lt;code class=&quot;language-plaintext highlighter-rouge&quot;&gt;title&lt;/code&gt; attribute for the full phrase.&lt;/li&gt;
  &lt;li&gt;Citations, like &lt;cite&gt;— Mark otto&lt;/cite&gt;, should use &lt;code class=&quot;language-plaintext highlighter-rouge&quot;&gt;&amp;lt;cite&amp;gt;&lt;/code&gt;.&lt;/li&gt;
  &lt;li&gt;&lt;del&gt;Deleted&lt;/del&gt; text should use &lt;code class=&quot;language-plaintext highlighter-rouge&quot;&gt;&amp;lt;del&amp;gt;&lt;/code&gt; and &lt;ins&gt;inserted&lt;/ins&gt; text should use &lt;code class=&quot;language-plaintext highlighter-rouge&quot;&gt;&amp;lt;ins&amp;gt;&lt;/code&gt;.&lt;/li&gt;
  &lt;li&gt;Superscript &lt;sup&gt;text&lt;/sup&gt; uses &lt;code class=&quot;language-plaintext highlighter-rouge&quot;&gt;&amp;lt;sup&amp;gt;&lt;/code&gt; and subscript &lt;sub&gt;text&lt;/sub&gt; uses &lt;code class=&quot;language-plaintext highlighter-rouge&quot;&gt;&amp;lt;sub&amp;gt;&lt;/code&gt;.&lt;/li&gt;
&lt;/ul&gt;

&lt;p&gt;Most of these elements are styled by browsers with few modifications on our part.&lt;/p&gt;

&lt;h2 id=&quot;heading&quot;&gt;Heading&lt;/h2&gt;

&lt;p&gt;Vivamus sagittis lacus vel augue rutrum faucibus dolor auctor. Duis mollis, est non commodo luctus, nisi erat porttitor ligula, eget lacinia odio sem nec elit. Morbi leo risus, porta ac consectetur ac, vestibulum at eros.&lt;/p&gt;

&lt;h3 id=&quot;code&quot;&gt;Code&lt;/h3&gt;

&lt;p&gt;Cum sociis natoque penatibus et magnis dis &lt;code class=&quot;language-plaintext highlighter-rouge&quot;&gt;code element&lt;/code&gt; montes, nascetur ridiculus mus.&lt;/p&gt;

&lt;figure class=&quot;highlight&quot;&gt;&lt;pre&gt;&lt;code class=&quot;language-js&quot; data-lang=&quot;js&quot;&gt;&lt;span class=&quot;c1&quot;&gt;// Example can be run directly in your JavaScript console&lt;/span&gt;

&lt;span class=&quot;c1&quot;&gt;// Create a function that takes two arguments and returns the sum of those arguments&lt;/span&gt;
&lt;span class=&quot;kd&quot;&gt;var&lt;/span&gt; &lt;span class=&quot;nx&quot;&gt;adder&lt;/span&gt; &lt;span class=&quot;o&quot;&gt;=&lt;/span&gt; &lt;span class=&quot;k&quot;&gt;new&lt;/span&gt; &lt;span class=&quot;nb&quot;&gt;Function&lt;/span&gt;&lt;span class=&quot;p&quot;&gt;(&lt;/span&gt;&lt;span class=&quot;dl&quot;&gt;&quot;&lt;/span&gt;&lt;span class=&quot;s2&quot;&gt;a&lt;/span&gt;&lt;span class=&quot;dl&quot;&gt;&quot;&lt;/span&gt;&lt;span class=&quot;p&quot;&gt;,&lt;/span&gt; &lt;span class=&quot;dl&quot;&gt;&quot;&lt;/span&gt;&lt;span class=&quot;s2&quot;&gt;b&lt;/span&gt;&lt;span class=&quot;dl&quot;&gt;&quot;&lt;/span&gt;&lt;span class=&quot;p&quot;&gt;,&lt;/span&gt; &lt;span class=&quot;dl&quot;&gt;&quot;&lt;/span&gt;&lt;span class=&quot;s2&quot;&gt;return a + b&lt;/span&gt;&lt;span class=&quot;dl&quot;&gt;&quot;&lt;/span&gt;&lt;span class=&quot;p&quot;&gt;);&lt;/span&gt;

&lt;span class=&quot;c1&quot;&gt;// Call the function&lt;/span&gt;
&lt;span class=&quot;nx&quot;&gt;adder&lt;/span&gt;&lt;span class=&quot;p&quot;&gt;(&lt;/span&gt;&lt;span class=&quot;mi&quot;&gt;2&lt;/span&gt;&lt;span class=&quot;p&quot;&gt;,&lt;/span&gt; &lt;span class=&quot;mi&quot;&gt;6&lt;/span&gt;&lt;span class=&quot;p&quot;&gt;);&lt;/span&gt;
&lt;span class=&quot;c1&quot;&gt;// &amp;gt; 8&lt;/span&gt;&lt;/code&gt;&lt;/pre&gt;&lt;/figure&gt;

&lt;p&gt;Aenean lacinia bibendum nulla sed consectetur. Etiam porta sem malesuada magna mollis euismod. Fusce dapibus, tellus ac cursus commodo, tortor mauris condimentum nibh, ut fermentum massa.&lt;/p&gt;

&lt;h3 id=&quot;lists&quot;&gt;Lists&lt;/h3&gt;

&lt;p&gt;Cum sociis natoque penatibus et magnis dis parturient montes, nascetur ridiculus mus. Aenean lacinia bibendum nulla sed consectetur. Etiam porta sem malesuada magna mollis euismod. Fusce dapibus, tellus ac cursus commodo, tortor mauris condimentum nibh, ut fermentum massa justo sit amet risus.&lt;/p&gt;

&lt;ul&gt;
  &lt;li&gt;Praesent commodo cursus magna, vel scelerisque nisl consectetur et.&lt;/li&gt;
  &lt;li&gt;Donec id elit non mi porta gravida at eget metus.&lt;/li&gt;
  &lt;li&gt;Nulla vitae elit libero, a pharetra augue.&lt;/li&gt;
&lt;/ul&gt;

&lt;p&gt;Donec ullamcorper nulla non metus auctor fringilla. Nulla vitae elit libero, a pharetra augue.&lt;/p&gt;

&lt;ol&gt;
  &lt;li&gt;Vestibulum id ligula porta felis euismod semper.&lt;/li&gt;
  &lt;li&gt;Cum sociis natoque penatibus et magnis dis parturient montes, nascetur ridiculus mus.&lt;/li&gt;
  &lt;li&gt;Maecenas sed diam eget risus varius blandit sit amet non magna.&lt;/li&gt;
&lt;/ol&gt;

&lt;p&gt;Cras mattis consectetur purus sit amet fermentum. Sed posuere consectetur est at lobortis.&lt;/p&gt;

&lt;dl&gt;
  &lt;dt&gt;HyperText Markup Language (HTML)&lt;/dt&gt;
  &lt;dd&gt;The language used to describe and define the content of a Web page&lt;/dd&gt;

  &lt;dt&gt;Cascading Style Sheets (CSS)&lt;/dt&gt;
  &lt;dd&gt;Used to describe the appearance of Web content&lt;/dd&gt;

  &lt;dt&gt;JavaScript (JS)&lt;/dt&gt;
  &lt;dd&gt;The programming language used to build advanced Web sites and applications&lt;/dd&gt;
&lt;/dl&gt;

&lt;p&gt;Integer posuere erat a ante venenatis dapibus posuere velit aliquet. Morbi leo risus, porta ac consectetur ac, vestibulum at eros. Nullam quis risus eget urna mollis ornare vel eu leo.&lt;/p&gt;

&lt;h3 id=&quot;tables&quot;&gt;Tables&lt;/h3&gt;

&lt;p&gt;Aenean lacinia bibendum nulla sed consectetur. Lorem ipsum dolor sit amet, consectetur adipiscing elit.&lt;/p&gt;

&lt;table&gt;
  &lt;thead&gt;
    &lt;tr&gt;
      &lt;th&gt;Name&lt;/th&gt;
      &lt;th&gt;Upvotes&lt;/th&gt;
      &lt;th&gt;Downvotes&lt;/th&gt;
    &lt;/tr&gt;
  &lt;/thead&gt;
  &lt;tfoot&gt;
    &lt;tr&gt;
      &lt;td&gt;Totals&lt;/td&gt;
      &lt;td&gt;21&lt;/td&gt;
      &lt;td&gt;23&lt;/td&gt;
    &lt;/tr&gt;
  &lt;/tfoot&gt;
  &lt;tbody&gt;
    &lt;tr&gt;
      &lt;td&gt;Alice&lt;/td&gt;
      &lt;td&gt;10&lt;/td&gt;
      &lt;td&gt;11&lt;/td&gt;
    &lt;/tr&gt;
    &lt;tr&gt;
      &lt;td&gt;Bob&lt;/td&gt;
      &lt;td&gt;4&lt;/td&gt;
      &lt;td&gt;3&lt;/td&gt;
    &lt;/tr&gt;
    &lt;tr&gt;
      &lt;td&gt;Charlie&lt;/td&gt;
      &lt;td&gt;7&lt;/td&gt;
      &lt;td&gt;9&lt;/td&gt;
    &lt;/tr&gt;
  &lt;/tbody&gt;
&lt;/table&gt;

&lt;p&gt;Nullam id dolor id nibh ultricies vehicula ut id elit. Sed posuere consectetur est at lobortis. Nullam quis risus eget urna mollis ornare vel eu leo.&lt;/p&gt;

&lt;hr /&gt;

&lt;p&gt;Want to see something else added? &lt;a href=&quot;https://github.com/poole/poole/issues/new&quot;&gt;Open an issue.&lt;/a&gt;&lt;/p&gt;
</content>
 </entry>
 
 <entry>
   <title>What's Jekyll?</title>
   <link href="http://localhost:4000/2020/04/01/whats-jekyll/"/>
   <updated>2020-04-01T00:00:00-07:00</updated>
   <id>http://localhost:4000/ameliameyer.github.io/2020/04/01/whats-jekyll</id>
   <content type="html">&lt;p&gt;&lt;a href=&quot;https://jekyllrb.com&quot;&gt;Jekyll&lt;/a&gt; is a static site generator, an open-source tool for creating simple yet powerful websites of all shapes and sizes. From &lt;a href=&quot;https://github.com/mojombo/jekyll/blob/master/README.markdown&quot;&gt;the project’s readme&lt;/a&gt;:&lt;/p&gt;

&lt;blockquote&gt;
  &lt;p&gt;Jekyll is a simple, blog aware, static site generator. It takes a template directory […] and spits out a complete, static website suitable for serving with Apache or your favorite web server. This is also the engine behind GitHub Pages, which you can use to host your project’s page or blog right here from GitHub.&lt;/p&gt;
&lt;/blockquote&gt;

&lt;p&gt;It’s an immensely useful tool and one we encourage you to use here with Lanyon.&lt;/p&gt;

&lt;p&gt;Find out more by &lt;a href=&quot;https://github.com/mojombo/jekyll&quot;&gt;visiting the project on GitHub&lt;/a&gt;.&lt;/p&gt;
</content>
 </entry>
 

</feed>
